Decision, Rationale, Date, Decision-Maker, Status, Examples
"Use Pycord for bot development", "Pycord is a modern, feature-rich, and actively maintained library for Discord bot development in Python.", "2023-10-26", "Project Lead", "Implemented", "Migrated codebase from discord.py to Pycord."
"Use MongoDB for data storage", "MongoDB's flexible schema and scalability make it well-suited for storing diverse and evolving Discord bot data.", "2023-10-26", "Project Lead", "Implemented", "Created database schema and implemented database interactions using Motor."
"Use Motor for database interactions", "Motor is the officially supported asynchronous MongoDB driver for Python, ensuring non-blocking database operations.", "2023-10-26", "Project Lead", "Implemented", "Used Motor's asynchronous methods for all database operations."
"Organize bot functionality into cogs", "Cogs provide a modular and organized way to structure the bot's code, making it easier to manage and maintain.", "2023-10-26", "Project Lead", "Implemented", "Created separate cogs for study groups, check-ins, Pomodoro timer, task lists, and voice channel management."
"Implement a manager role", "A manager role allows designated users to have elevated permissions for managing bot settings and features.", "2023-10-26", "Project Lead", "Implemented", "Defined a manager role and implemented permission checks in relevant commands."
"Prioritize asynchronous operations", "Asynchronous operations are essential for preventing the bot from becoming unresponsive due to blocking tasks like database queries.", "2023-10-26", "Project Lead", "Implemented", "Used async/await for all database interactions and long-running tasks."
"Implement a hybrid memory management approach", "Combining in-memory caching with database storage allows for fast data access while minimizing memory usage.", "2023-10-27", "Project Lead", "Partially Implemented", "Implemented in-memory caching for voice channel IDs in the `voice_channels.py` cog. Plan to implement caching for other frequently accessed data."
"Create comprehensive documentation", "Clear and well-structured documentation is crucial for team collaboration, user understanding, and project maintainability.", "2023-10-28", "Project Lead", "In Progress", "Created Project Overview, Code Style Guide, and Database Schema documents. Plan to document individual cogs and APIs."
"Implement a command prefix", "A command prefix allows users to easily distinguish bot commands from regular messages.", "2023-10-26", "Project Lead", "Implemented", "Set the command prefix to '!' in `bot.py`."
"Use slash commands for user interaction", "Slash commands provide a more user-friendly and discoverable way to interact with the bot.", "2023-10-26", "Project Lead", "Implemented", "Used Pycord's application command decorators to register slash commands."
"Implement logging for debugging and monitoring", "Logging helps track bot activity, identify errors, and monitor performance.", "2023-10-26", "Project Lead", "Implemented", "Configured logging in `main.py` and used logging statements throughout the codebase."
"Use environment variables for sensitive information", "Storing sensitive information like API keys and database credentials in environment variables improves security and makes it easier to deploy the bot in different environments.", "2023-10-26", "Project Lead", "Implemented", "Loaded environment variables using the `dotenv` library."
"Implement a user profile system", "User profiles allow for personalized settings, preferences, and data storage.", "2023-10-29", "Team Discussion", "Proposed", "Plan to create a `users` collection in the database and implement features for managing user profiles."
"Implement guild-specific settings", "Guild-specific settings allow for customization of bot behavior on a per-server basis.", "2023-10-29", "Team Discussion", "Proposed", "Plan to create a `guild_settings` collection in the database and implement commands for managing guild settings."
"Integrate with a third-party API for study resources", "Integrating with a study resource API could provide users with access to relevant study materials and enhance the bot's value.", "2023-10-29", "Team Brainstorming", "Under Consideration", "Exploring potential APIs and evaluating feasibility."
"Implement a moderation system", "A moderation system could help maintain a safe and productive environment for study groups.", "2023-10-29", "Team Brainstorming", "Under Consideration", "Discussing features and requirements for a moderation system."
"Implement a welcome message for new members", "A welcome message can help new members feel welcome and provide them with basic information about the bot and the server.", "2023-10-29", "Team Discussion", "Proposed", "Plan to create a welcome message that includes a brief overview of the bot's features and links to relevant documentation."
"Implement a help command", "A help command provides users with information about the bot's commands and how to use them.", "2023-10-26", "Project Lead", "Implemented", "Created a `/help` command that lists available commands and their descriptions."
"Use a specific time zone for scheduling and reminders", "Using a consistent time zone ensures that scheduled events and reminders are accurate for all users.", "2023-10-29", "Team Discussion", "Proposed", "Plan to use UTC as the default time zone for all scheduling and reminders."
"Implement a system for handling user feedback and bug reports", "Collecting user feedback and bug reports helps improve the bot's functionality and user experience.", "2023-10-29", "Team Discussion", "Proposed", "Plan to create a dedicated channel for user feedback and bug reports, or integrate with a feedback management tool."
"Implement a feature for suggesting new features", "Allowing users to suggest new features encourages community involvement and helps prioritize development efforts.", "2023-10-29", "Team Brainstorming", "Under Consideration", "Exploring different approaches for collecting and managing feature suggestions, such as a dedicated channel, a voting system, or an issue tracker."
"Limit the number of study groups a user can create", "Limiting the number of study groups per user can prevent abuse and ensure fair access to resources.", "2023-10-29", "Team Discussion", "Proposed", "Plan to set a limit of 5 study groups per user."
"Implement a system for archiving inactive study groups", "Archiving inactive study groups helps keep the server organized and prevents clutter.", "2023-10-29", "Team Brainstorming", "Under Consideration", "Discussing criteria for identifying inactive study groups and methods for archiving them, such as moving channels to a dedicated archive category or deleting them after a certain period of inactivity."
"Implement a system for backing up and restoring the database", "Regular database backups are essential for protecting against data loss and ensuring business continuity.", "2023-10-29", "Project Lead", "Proposed", "Plan to implement automated database backups and a procedure for restoring the database from backups."
"Monitor bot performance and resource usage", "Monitoring bot performance and resource usage helps identify potential bottlenecks and optimize efficiency.", "2023-10-29", "Project Lead", "Proposed", "Plan to use monitoring tools and logging to track bot performance and resource usage."
